Mutation,Bacteria of origin,Base pair change,Source,
V146F,E. coli,"GT,TC",https://doi.org/10.1074/jbc.M112.429464,
V164G,E. coli,TG,https://doi.org/10.1074/jbc.M112.429464,
Q148H,E. coli,GC,https://doi.org/10.1074/jbc.M112.429464,
Q148L,E. coli,"CT,AT,GA",https://doi.org/10.1074/jbc.M112.429464,
Q148R,E. coli,"AG,GA",https://doi.org/10.1074/jbc.M112.429464,
Q148K,E. coli,"CA,GA",https://doi.org/10.1074/jbc.M112.429464,
L511P,E. coli,"TC,GC",https://doi.org/10.1074/jbc.M112.429464,
S512F,E. coli,CT,https://doi.org/10.1074/jbc.M112.429464,
S512Y,E. coli,"CA,TC",https://doi.org/10.1074/jbc.M112.429464,
Q513C,E. coli,"CT,AG,GT",https://doi.org/10.1074/jbc.M112.429464,
Q513D,E. coli,"CG,GT",https://doi.org/10.1074/jbc.M112.429464,
D516Y,E. coli,"GT,CT",https://doi.org/10.1074/jbc.M112.429464,
N518D,E. coli,"AG,CT",https://doi.org/10.1074/jbc.M112.429464,
S522Y,E. coli,"CA,TC",https://doi.org/10.1074/jbc.M112.429464,
T525R,E. coli,"GT,TC",https://doi.org/10.1074/jbc.M112.429464,
H526L,E. coli,"AT,CT",https://doi.org/10.1074/jbc.M112.429464,
H526N,E. coli,"CA,CT",https://doi.org/10.1074/jbc.M112.429464,
R529L,E. coli,"CT,GT,TA",https://doi.org/10.1074/jbc.M112.429464,
R529S,E. coli,"CT,GC",https://doi.org/10.1074/jbc.M112.429464,
S531Y,E. coli,"CA,CT",https://doi.org/10.1074/jbc.M112.429464,
A532E,E. coli,"CA,AG",https://doi.org/10.1074/jbc.M112.429464,
L533H,E. coli,"TA,CT",https://doi.org/10.1074/jbc.M112.429464,
L533R,E. coli,"TG,CA",https://doi.org/10.1074/jbc.M112.429464,
G534A,E. coli,"GC,GA",https://doi.org/10.1074/jbc.M112.429464,
G534S,E. coli,"GA,CT",https://doi.org/10.1074/jbc.M112.429464,
P564H,E. coli,"CA,CT,TG",https://doi.org/10.1074/jbc.M112.429464,
G570Q,E. coli,"GC,GA,TA",https://doi.org/10.1074/jbc.M112.429464,
G570M,E. coli,"GA,GT,TG",https://doi.org/10.1074/jbc.M112.429464,
G570A,E. coli,"GC,TA",https://doi.org/10.1074/jbc.M112.429464,
G570C,E. coli,"GT,TC",https://doi.org/10.1074/jbc.M11f2.429464,
I572N,E. coli,"TA,CT",https://doi.org/10.1074/jbc.M112.429464,
I572K,E. coli,"TA,CA",https://doi.org/10.1074/jbc.M112.429464,
I752T,E. coli,"TC,CA",https://doi.org/10.1074/jbc.M112.429464,
S574F,E. coli,"CT,TC",https://doi.org/10.1074/jbc.M112.429464,
Q513P,E. coli,AC,https://doi.org/10.1016/0022-2836(88)90517-7,
Q513L,E. coli,AT,https://doi.org/10.1016/0022-2836(88)90517-7,
D516N,E. coli,GA,https://doi.org/10.1016/0022-2836(88)90517-7,
D516V,E. coli,AT,https://doi.org/10.1016/0022-2836(88)90517-7,
S522F,E. coli,CT,https://doi.org/10.1016/0022-2836(88)90517-7,
H526Y,E. coli,CT,https://doi.org/10.1016/0022-2836(88)90517-7,
R529C,E. coli,GA,https://doi.org/10.1016/0022-2836(88)90517-7,
S531F,E. coli,CT,https://doi.org/10.1016/0022-2836(88)90517-7,
L533P,E. coli,TC,https://doi.org/10.1016/0022-2836(88)90517-7,
T563P,E. coli,AC,https://doi.org/10.1016/0022-2836(88)90517-7,
P564L,E. coli,CT,https://doi.org/10.1016/0022-2836(88)90517-7,
I572F,E. coli,AT,https://doi.org/10.1016/0022-2836(88)90517-7,
R687H,E. coli,GA,https://doi.org/10.1016/0022-2836(88)90517-7,
XG507Q510,E. coli,unk,https://doi.org/10.1016/0022-2836(88)90517-7,
XA532,E. coli,unk,https://doi.org/10.1016/0022-2836(88)90517-7,
ZD516Q517,E. coli,unk,https://doi.org/10.1016/0022-2836(88)90517-7,
Q148R,E. coli,AG,https://doi.org/10.1016/S1568-7864(03)00024-7,
S508P,E. coli,AG,https://doi.org/10.1016/S1568-7864(03)00024-7,
L511P,E. coli,AG,https://doi.org/10.1016/S1568-7864(03)00024-7,
S512P,E. coli,AG,https://doi.org/10.1016/S1568-7864(03)00024-7,
Q513R,E. coli,AG,https://doi.org/10.1016/S1568-7864(03)00024-7,
D516G,E. coli,AG,https://doi.org/10.1016/S1568-7864(03)00024-7,
N518D,E. coli,AG,https://doi.org/10.1016/S1568-7864(03)00024-7,
H526R,E. coli,AG,https://doi.org/10.1016/S1568-7864(03)00024-7,
L533P,E. coli,AG,https://doi.org/10.1016/S1568-7864(03)00024-7,
I572T,E. coli,AG,https://doi.org/10.1016/S1568-7864(03)00024-7,
G507D,E. coli,GA,https://doi.org/10.1016/S1568-7864(03)00024-7,
S512F,E. coli,GA,https://doi.org/10.1016/S1568-7864(03)00024-7,
D516N,E. coli,GA,https://doi.org/10.1016/S1568-7864(03)00024-7,
S522F,E. coli,GA,https://doi.org/10.1016/S1568-7864(03)00024-7,
H526Y,E. coli,GA,https://doi.org/10.1016/S1568-7864(03)00024-7,
R529C,E. coli,GA,https://doi.org/10.1016/S1568-7864(03)00024-7,
R529H,E. coli,GA,https://doi.org/10.1016/S1568-7864(03)00024-7,
S531F,E. coli,GA,https://doi.org/10.1016/S1568-7864(03)00024-7,
A532V,E. coli,GA,https://doi.org/10.1016/S1568-7864(03)00024-7,
G534S,E. coli,GA,https://doi.org/10.1016/S1568-7864(03)00024-7,
G534D,E. coli,GA,https://doi.org/10.1016/S1568-7864(03)00024-7,
P564L,E. coli,GA,https://doi.org/10.1016/S1568-7864(03)00024-7,
S574F,E. coli,GA,https://doi.org/10.1016/S1568-7864(03)00024-7,
R687H,E. coli,GA,https://doi.org/10.1016/S1568-7864(03)00024-7,
Q148L,E. coli,AT,https://doi.org/10.1016/S1568-7864(03)00024-7,
L511Q,E. coli,AT,https://doi.org/10.1016/S1568-7864(03)00024-7,
Q513L,E. coli,AT,https://doi.org/10.1016/S1568-7864(03)00024-7,
D516V,E. coli,AT,https://doi.org/10.1016/S1568-7864(03)00024-7,
E523V,E. coli,AT,https://doi.org/10.1016/S1568-7864(03)00024-7,
H526L,E. coli,AT,https://doi.org/10.1016/S1568-7864(03)00024-7,
L533H,E. coli,AT,https://doi.org/10.1016/S1568-7864(03)00024-7,
I572F,E. coli,AT,https://doi.org/10.1016/S1568-7864(03)00024-7,
I572N,E. coli,AT,https://doi.org/10.1016/S1568-7864(03)00024-7,
V146G,E. coli,AC,https://doi.org/10.1016/S1568-7864(03)00024-7,
Q148P,E. coli,AC,https://doi.org/10.1016/S1568-7864(03)00024-7,
S509R,E. coli,AC,https://doi.org/10.1016/S1568-7864(03)00024-7,
L511R,E. coli,AC,https://doi.org/10.1016/S1568-7864(03)00024-7,
S512A,E. coli,AC,https://doi.org/10.1016/S1568-7864(03)00024-7,
Q513P,E. coli,AC,https://doi.org/10.1016/S1568-7864(03)00024-7,
D516A,E. coli,AC,https://doi.org/10.1016/S1568-7864(03)00024-7,
H526P,E. coli,AC,https://doi.org/10.1016/S1568-7864(03)00024-7,
I572L,E. coli,AC,https://doi.org/10.1016/S1568-7864(03)00024-7,
I572S,E. coli,AC,https://doi.org/10.1016/S1568-7864(03)00024-7,
L533R,E. coli,AC,https://doi.org/10.1016/S1568-7864(03)00024-7,
T563P,E. coli,AC,https://doi.org/10.1016/S1568-7864(03)00024-7,
V146F,E. coli,GT,https://doi.org/10.1016/S1568-7864(03)00024-7,
Q148K,E. coli,GT,https://doi.org/10.1016/S1568-7864(03)00024-7,
Q148H,E. coli,GT,https://doi.org/10.1016/S1568-7864(03)00024-7,
S509R,E. coli,GT,https://doi.org/10.1016/S1568-7864(03)00024-7,
S512Y,E. coli,GT,https://doi.org/10.1016/S1568-7864(03)00024-7,
Q513K,E. coli,GT,https://doi.org/10.1016/S1568-7864(03)00024-7,
D516Y,E. coli,GT,https://doi.org/10.1016/S1568-7864(03)00024-7,
S522Y,E. coli,GT,https://doi.org/10.1016/S1568-7864(03)00024-7,
H526N,E. coli,GT,https://doi.org/10.1016/S1568-7864(03)00024-7,
H526Q,E. coli,GT,https://doi.org/10.1016/S1568-7864(03)00024-7,
R529L,E. coli,GT,https://doi.org/10.1016/S1568-7864(03)00024-7,
S531Y,E. coli,GT,https://doi.org/10.1016/S1568-7864(03)00024-7,
A532E,E. coli,GT,https://doi.org/10.1016/S1568-7864(03)00024-7,
G534C,E. coli,GT,https://doi.org/10.1016/S1568-7864(03)00024-7,
G534V,E. coli,GT,https://doi.org/10.1016/S1568-7864(03)00024-7,
G570C,E. coli,GT,https://doi.org/10.1016/S1568-7864(03)00024-7,
S574Y,E. coli,GT,https://doi.org/10.1016/S1568-7864(03)00024-7,
R529S,E. coli,GT,https://doi.org/10.1016/S1568-7864(03)00024-7,
Q148H,E. coli,GC,https://doi.org/10.1016/S1568-7864(03)00024-7,
S509R,E. coli,GC,https://doi.org/10.1016/S1568-7864(03)00024-7,
T525R,E. coli,GC,https://doi.org/10.1016/S1568-7864(03)00024-7,
H526D,E. coli,GC,https://doi.org/10.1016/S1568-7864(03)00024-7,
H526Q,E. coli,GC,https://doi.org/10.1016/S1568-7864(03)00024-7,
G534A,E. coli,GC,https://doi.org/10.1016/S1568-7864(03)00024-7,
P564R,E. coli,GC,https://doi.org/10.1016/S1568-7864(03)00024-7,
I572M,E. coli,GC,https://doi.org/10.1016/S1568-7864(03)00024-7,